{"_timestamp": 1585786898.0253289, "_runtime": 82.15878510475159, "roc_auc": 0.8316813399251363, "_step": 0}
