{"_timestamp": 1585798927.3041985, "roc_auc": 0.852841229464325, "_step": 0, "_runtime": 584.8459069728851}
