{"_step": 0, "_timestamp": 1585789293.4939628, "_runtime": 96.337899684906, "roc_auc": 0.47663965616693804}
