{"roc_auc": 0.8305453069969668, "_timestamp": 1585786503.916282, "_runtime": 82.65174627304077, "_step": 0}
