{"_runtime": 200.69603657722473, "_timestamp": 1585793891.830656, "roc_auc": 0.8445387983957373, "_step": 0}
