{"_step": 0, "roc_auc": 0.8541303529045624, "_timestamp": 1585798326.2519157, "_runtime": 760.3562526702881}
