{"_runtime": 86.28284668922424, "roc_auc": 0.8311231887741622, "_timestamp": 1585784669.0371995, "_step": 0}
