{"roc_auc": 0.47796826408871185, "_step": 0, "_runtime": 587.1886084079742, "_timestamp": 1585789182.3592024}
