{"_timestamp": 1585786124.3122385, "roc_auc": 0.8306411017051396, "_runtime": 82.59251737594604, "_step": 0}
