{"roc_auc": 0.5, "_step": 0, "_runtime": 618.4672746658325, "_timestamp": 1585795384.559787}
