{"_timestamp": 1585795975.8577297, "_step": 0, "roc_auc": 0.8477210755463594, "_runtime": 577.988373041153}
