{"_step": 0, "roc_auc": 0.8311227553026825, "_runtime": 84.15031242370605, "_timestamp": 1585786702.6072483}
