{"_step": 0, "_timestamp": 1585789471.097249, "roc_auc": 0.538978890357894, "_runtime": 164.60177969932556}
