{"_timestamp": 1585787671.358932, "roc_auc": 0.8313388933081548, "_runtime": 88.04655170440674, "_step": 0}
