{"_step": 0, "roc_auc": 0.47663965616693804, "_runtime": 293.86615896224976, "_timestamp": 1585789776.0324078}
