{"_step": 0, "_runtime": 531.9325563907623, "_timestamp": 1585800690.6264093, "roc_auc": 0.5}
