{"_step": 0, "_timestamp": 1585786604.0229108, "roc_auc": 0.8312282693125203, "_runtime": 88.49851870536804}
