{"_timestamp": 1585793674.562198, "_runtime": 155.28039026260376, "_step": 0, "roc_auc": 0.8444820356165802}
