{"_timestamp": 1585785464.6827586, "_runtime": 88.5833957195282, "_step": 0, "roc_auc": 0.8313675799943928}
