{"_step": 0, "_timestamp": 1585786313.0065536, "roc_auc": 0.8313638542136939, "_runtime": 84.5286591053009}
