{"_runtime": 91.47731518745422, "roc_auc": 0.831143907466474, "_step": 0, "_timestamp": 1585787571.3123589}
