{"_step": 0, "roc_auc": 0.8308376700288249, "_timestamp": 1585785266.9489093, "_runtime": 78.26365685462952}
