{"roc_auc": 0.5, "_step": 0, "_timestamp": 1585791526.0379152, "_runtime": 414.35120677948}
