{"_step": 0, "_timestamp": 1585784573.9676192, "_runtime": 88.87874507904053, "roc_auc": 0.5461276704751968}
