{"_timestamp": 1585797118.0294383, "roc_auc": 0.847157486713446, "_step": 0, "_runtime": 553.5001409053802}
