{"_runtime": 82.65290880203247, "_step": 0, "_timestamp": 1585796070.2860117, "roc_auc": 0.8531284991025958}
