{"_runtime": 470.87729692459106, "_step": 0, "_timestamp": 1585796552.1906817, "roc_auc": 0.850401795084625}
