{"_runtime": 115.79578828811646, "_step": 0, "roc_auc": 0.5133313340550199, "_timestamp": 1585789903.4670713}
