{"_timestamp": 1585786804.5571065, "roc_auc": 0.831387798846386, "_runtime": 87.24150443077087, "_step": 0}
