{"roc_auc": 0.8488456482352561, "_step": 0, "_timestamp": 1585794151.0238922, "_runtime": 247.67817282676697}
