{"roc_auc": 0.8501499108224725, "_step": 0, "_runtime": 647.7698240280151, "_timestamp": 1585800144.1853533}
