{"_step": 0, "roc_auc": 0.832528762149682, "_runtime": 266.23909044265747, "_timestamp": 1585792853.7302387}
