{"roc_auc": 0.8490926050259189, "_timestamp": 1585792573.8411314, "_step": 0, "_runtime": 639.2323973178864}
