{"_runtime": 83.35397601127625, "_step": 0, "_timestamp": 1585785080.252897, "roc_auc": 0.8310340541789821}
