{"_runtime": 588.2926561832428, "_step": 0, "_timestamp": 1585794754.043404, "roc_auc": 0.8468009562140254}
