{"_runtime": 87.42927646636963, "_step": 0, "roc_auc": 0.831303796221681, "_timestamp": 1585785177.6148314}
