{"_timestamp": 1585791920.8866978, "roc_auc": 0.8324083943788729, "_runtime": 207.54954409599304, "_step": 0}
