{"roc_auc": 0.8311145251518424, "_step": 0, "_timestamp": 1585784772.3591084, "_runtime": 90.6090075969696}
