{"roc_auc": 0.8310087311484654, "_timestamp": 1585786218.1704865, "_step": 0, "_runtime": 83.75003862380981}
