{"_step": 0, "_runtime": 76.28094530105591, "roc_auc": 0.8307705118154556, "_timestamp": 1585785925.6011927}
