{"_timestamp": 1585785362.7946367, "_step": 0, "roc_auc": 0.8310929146282566, "_runtime": 85.12219762802124}
