{"_timestamp": 1585785557.3930314, "_step": 0, "roc_auc": 0.8314068425551238, "_runtime": 82.14435577392578}
