{"_step": 0, "_timestamp": 1585799144.7347505, "_runtime": 81.55746912956238, "roc_auc": 0.848090245161555}
