{"_step": 0, "roc_auc": 0.830920634396005, "_runtime": 77.9607629776001, "_timestamp": 1585785646.2305593}
