{"_step": 0, "_timestamp": 1585787179.9897764, "roc_auc": 0.8307686617840688, "_runtime": 82.21488094329834}
