{"roc_auc": 0.8310800598137547, "_step": 0, "_runtime": 83.53784894943237, "_timestamp": 1585786410.916917}
