{"_step": 0, "_timestamp": 1585797546.4630656, "_runtime": 416.05480670928955, "roc_auc": 0.8496889879465934}
