{"_step": 0, "roc_auc": 0.8455466722662056, "_timestamp": 1585799049.6939259, "_runtime": 110.22930145263672}
