{"_timestamp": 1585793508.4948468, "_step": 0, "roc_auc": 0.8480677340957852, "_runtime": 642.1737542152405}
