{"_timestamp": 1585799482.707348, "_step": 0, "_runtime": 326.1655101776123, "roc_auc": 0.8495470353701237}
