{"_timestamp": 1585791702.0296342, "_runtime": 164.14528393745422, "_step": 0, "roc_auc": 0.849788033483461}
