{"_step": 0, "_timestamp": 1585787371.4985065, "_runtime": 85.13294219970703, "roc_auc": 0.8309544576155756}
