{"_runtime": 343.2510874271393, "_step": 0, "roc_auc": 0.5215903151039413, "_timestamp": 1585788584.8202288}
