{"_step": 0, "_runtime": 79.20138216018677, "_timestamp": 1585785835.2473068, "roc_auc": 0.8311826428097404}
