{"_runtime": 293.8367145061493, "_timestamp": 1585791103.236994, "_step": 0, "roc_auc": 0.5}
