{"_timestamp": 1585784984.4343638, "roc_auc": 0.8306848387700343, "_runtime": 81.05067586898804, "_step": 0}
