{"_runtime": 81.55138325691223, "roc_auc": 0.8314210645677089, "_timestamp": 1585787275.018941, "_step": 0}
