{"roc_auc": 0.8312307191522894, "_runtime": 83.592200756073, "_timestamp": 1585787469.1301153, "_step": 0}
