{"_timestamp": 1585787782.9043438, "roc_auc": 0.8312783935485574, "_step": 0, "_runtime": 99.62096238136292}
